Campaign,Download Name,Downloaded (as of),Send Date,Campaign Name,Audience
07.03.2026 - CV - It's Not Too Late To Take Back Your Backyard [NonGmail],07.03.2026 - CV - It's Not Too Late To Take Back Your Backyard [NonGmail],7/17/2026,7/3/2026,It's Not Too Late To Take Back Your Backyard [NonGmail]    ,360-Day Engaged
07.03.2026 - CV - It's Not Too Late To Take Back Your Backyard [Gmail],07.03.2026 - CV - It's Not Too Late To Take Back Your Backyard [Gmail],7/17/2026,7/3/2026,It's Not Too Late To Take Back Your Backyard [Gmail]    ,360-Day Engaged
07.07.2026 - MF - Fox Fact Check: Can Ants Can Carry Up To 50 Times Their Own Bodyweight? [TEST],-,,7/7/2026,Fox Fact Check: Can Ants Can Carry Up To 50 Times Their Own Bodyweight? [TEST],Test
07.02.2026 - MF - It's Not Too Late To Take Back Your Backyard [Gmail],07.02.2026 - MF - It's Not Too Late To Take Back Your Backyard [Gmail],7/17/2026,7/2/2026,It's Not Too Late To Take Back Your Backyard [Gmail]    ,360-Day Engaged
07.02-03.2026 - CV - It's Not Too Late To Take Back Your Backyard [TEST],-,,7/2/2026,It's Not Too Late To Take Back Your Backyard [TEST]    ,Test
07.02-03.2026 - MF - It's Not Too Late To Take Back Your Backyard [TEST],-,,7/2/2026,It's Not Too Late To Take Back Your Backyard [TEST]    ,Test
06.29.2026 - MF - Real Results From Real Homeowners [NonGmail],06.29.2026 - MF - Real Results From Real Homeowners [NonGmail],7/17/2026,6/29/2026,Real Results From Real Homeowners [NonGmail]        ,90-Day Engaged
06.29.2026 - MF - Real Results From Real Homeowners [Gmail],06.29.2026 - MF - Real Results From Real Homeowners [Gmail],7/17/2026,6/29/2026,Real Results From Real Homeowners [Gmail]        ,90-Day Engaged
06.29.2026 - MF - Real Results From Real Homeowners [TEST],-,,6/29/2026,Real Results From Real Homeowners [TEST]        ,Test
06.25.2026 - MF - Recognizing Faces And Holding Grudges - Five Fascinating Wasp Facts [NonGmail],06.25.2026 - MF - Recognizing Faces And Holding Grudges - Five Fascinating Wasp Facts [NonGmail],7/17/2026,6/25/2026,Recognizing Faces And Holding Grudges - Five Fascinating Wasp Facts [NonGmail]   ,90-Day Engaged
06.25.2026 - MF - Recognizing Faces And Holding Grudges - Five Fascinating Wasp Facts [Gmail],06.25.2026 - MF - Recognizing Faces And Holding Grudges - Five Fascinating Wasp Facts [Gmail],7/17/2026,6/25/2026,Recognizing Faces And Holding Grudges - Five Fascinating Wasp Facts [Gmail]   ,90-Day Engaged
06.23.2026 - MF - Ticks And Fleas: Protect Your Pets This Summer [NonGmail],06.23.2026 - MF - Ticks And Fleas_ Protect Your Pets This Summer [NonGmail],7/17/2026,6/23/2026,Ticks And Fleas: Protect Your Pets This Summer [NonGmail]     ,30-Day Engaged
06.23.2026 - MF - Ticks And Fleas: Protect Your Pets This Summer [Gmail],06.23.2026 - MF - Ticks And Fleas_ Protect Your Pets This Summer [Gmail],7/17/2026,6/23/2026,Ticks And Fleas: Protect Your Pets This Summer [Gmail]     ,30-Day Engaged
06.24.2026 - MF - Recognizing Faces And Holding Grudges - Five Fascinating Wasp Facts [TEST],-,,6/24/2026,Recognizing Faces And Holding Grudges - Five Fascinating Wasp Facts [TEST]   ,Test
06.22.2026 - MF - Stop The Spread: Four Reasons Pests Are Thriving Right Now [NonGmail],06.22.2026 - MF - Stop The Spread_ Four Reasons Pests Are Thriving Right Now [NonGmail],7/17/2026,6/22/2026,Stop The Spread: Four Reasons Pests Are Thriving Right Now [NonGmail]   ,60-Day Cancels
06.22.2026 - MF - Stop The Spread: Four Reasons Pests Are Thriving Right Now [Gmail],06.22.2026 - MF - Stop The Spread_ Four Reasons Pests Are Thriving Right Now [Gmail],7/17/2026,6/22/2026,Stop The Spread: Four Reasons Pests Are Thriving Right Now [Gmail]   ,60-Day Cancels
06.19.2026 - MF - Last Chance For a Buzzless 4th Of July [NCR NonGmail],06.19.2026 - MF - Last Chance For a Buzzless 4th Of July [NCR NonGmail],7/17/2026,6/19/2026,Last Chance For a Buzzless 4th Of July [NCR NonGmail]    ,90-Day Engaged
06.19.2026 - MF - Last Chance For a Buzzless 4th Of July [NCR Gmail],06.19.2026 - MF - Last Chance For a Buzzless 4th Of July [NCR Gmail],7/17/2026,6/19/2026,Last Chance For a Buzzless 4th Of July [NCR Gmail]    ,90-Day Engaged
06.18.2026 - HO - How To Check For Bed Bugs In A Hotel [NonGmail],06.18.2026 - HO - How To Check For Bed Bugs In A Hotel [NonGmail],7/17/2026,6/18/2026,How To Check For Bed Bugs In A Hotel [NonGmail]    ,60-Day Engaged
06.18.2026 - HO - How To Check For Bed Bugs In A Hotel [Gmail],06.18.2026 - HO - How To Check For Bed Bugs In A Hotel [Gmail],7/17/2026,6/18/2026,How To Check For Bed Bugs In A Hotel [Gmail]    ,60-Day Engaged
06.22.2026 - MF - Stop The Spread: Four Reasons Pests Are Thriving Right Now[TEST],-,,6/22/2026,Stop The Spread: Four Reasons Pests Are Thriving Right Now[TEST]    ,Test
06.16.2026 - MF - Last Chance For a Buzzless 4th Of July [NonGmail],06.16.2026 - MF - Last Chance For a Buzzless 4th Of July [NonGmail],7/17/2026,6/16/2026,Last Chance For a Buzzless 4th Of July [NonGmail]     ,90-Day Engaged
06.16.2026 - MF - Last Chance For a Buzzless 4th Of July [Gmail],06.16.2026 - MF - Last Chance For a Buzzless 4th Of July [Gmail],7/17/2026,6/16/2026,Last Chance For a Buzzless 4th Of July [Gmail]     ,90-Day Engaged
06.15.2026 - HO - Can Cockroaches Survive A Nuclear Bomb? [Gmail],06.15.2026 - HO - Can Cockroaches Survive A Nuclear Bomb_ [Gmail],7/17/2026,6/15/2026,Can Cockroaches Survive A Nuclear Bomb? [Gmail]       ,30-Day Engaged
06.15.2026 - HO - Can Cockroaches Survive A Nuclear Bomb? [NonGmail],06.15.2026 - HO - Can Cockroaches Survive A Nuclear Bomb [NonGmail],7/17/2026,6/15/2026,Can Cockroaches Survive A Nuclear Bomb? [NonGmail]       ,30-Day Engaged
06.11.2026 - MF - Your Home Is A Haven - Keep It That Way [NonGmail],06.11.2026 - MF - Your Home Is A Haven - Keep It That Way [NonGmail],7/17/2026,6/11/2026,Your Home Is A Haven - Keep It That Way [NonGmail]   ,90-Day Engaged
06.11.2026 - MF - Your Home Is A Haven - Keep It That Way [Gmail],06.11.2026 - MF - Your Home Is A Haven - Keep It That Way [Gmail],7/17/2026,6/11/2026,Your Home Is A Haven - Keep It That Way [Gmail]   ,90-Day Engaged
06.09.2026 - MF - Your Home Is A Haven - Keep It That Way [TEST],-,,6/9/2026,Your Home Is A Haven - Keep It That Way [TEST]   ,Test
06.05.2026 - MF - How to Identify Mouse Urine [NonGmail],06.05.2026 - MF - How to Identify Mouse Urine [NonGmail],7/17/2026,6/5/2026,How to Identify Mouse Urine [NonGmail]        ,30-Day Engaged
06.05.2026 - MF - How to Identify Mouse Urine [Gmail],06.05.2026 - MF - How to Identify Mouse Urine [Gmail],7/17/2026,6/5/2026,How to Identify Mouse Urine [Gmail]        ,30-Day Engaged
06.08.2026 - MF - Ticks And Fleas: Protect Your Pets This Summer [TEST],-,,6/8/2026,Ticks And Fleas: Protect Your Pets This Summer [TEST]     ,30-Day Engaged
06.04.2026 - MF - How to Identify Mouse Urine [TEST],-,,6/4/2026,How to Identify Mouse Urine [TEST]        ,Test
06.01.2026 - HO - Ants: Why They Keep Coming Back [FINAL NonGmail],06.01.2026 - HO - Ants_ Why They Keep Coming Back [FINAL NonGmail],7/17/2026,6/1/2026,Ants: Why They Keep Coming Back [FINAL NonGmail]      ,30-Day Engaged
06.01.2026 - HO - Ants: Why They Keep Coming Back [FINAL Gmail],06.01.2026 - HO - Ants_ Why They Keep Coming Back [FINAL Gmail],7/17/2026,6/1/2026,Ants: Why They Keep Coming Back [FINAL Gmail]      ,30-Day Engaged
05.29.2026 - MF - Summer Pests: Don't Wait Until You Spot Them [NOR NonGmail],05.29.2026 - MF - Summer Pests_ Don't Wait Until You Spot Them [NOR NonGmail],7/17/2026,5/29/2026,Summer Pests: Don't Wait Until You Spot Them [NOR NonGmail]    ,60-Day Cancels
05.29.2026 - MF - Summer Pests: Don't Wait Until You Spot Them [NOR Gmail],05.29.2026 - MF - Summer Pests_ Don't Wait Until You Spot Them [NOR Gmail],7/17/2026,5/29/2026,Summer Pests: Don't Wait Until You Spot Them [NOR Gmail]    ,60-Day Cancels
05.27.2026 - MF - Take Back Your Outdoor Spaces - Just In Time For Summer [HPP NonGmail Users],05.27.2026 - MF - Take Back Your Outdoor Spaces - Just In Time For Summer [HPP NonGmail Users],7/17/2026,5/27/2026,Take Back Your Outdoor Spaces - Just In Time For Summer [HPP NonGmail Users],Non-HPP/YEP
05.27.2026 - MF - Take Back Your Outdoor Spaces - Just In Time For Summer [HPP Gmail Users],05.27.2026 - MF - Take Back Your Outdoor Spaces - Just In Time For Summer [HPP Gmail Users],7/17/2026,5/27/2026,Take Back Your Outdoor Spaces - Just In Time For Summer [HPP Gmail Users],Non-HPP/YEP
05.27.2026 - MF - Take Back Your Outdoor Spaces - Just In Time For Summer [NonHPP NonGmail Users],05.27.2026 - MF - Take Back Your Outdoor Spaces - Just In Time For Summer [NonHPP NonGmail Users],7/17/2026,5/27/2026,Take Back Your Outdoor Spaces - Just In Time For Summer [NonHPP NonGmail Users],Non-HPP/YEP
05.27.2026 - MF - Take Back Your Outdoor Spaces - Just In Time For Summer [NonHPP Gmail Users],05.27.2026 - MF - Take Back Your Outdoor Spaces - Just In Time For Summer [NonHPP Gmail Users],7/17/2026,5/27/2026,Take Back Your Outdoor Spaces - Just In Time For Summer [NonHPP Gmail Users],Non-HPP/YEP
05.27.2026 - MF - Summer Pests: Don't Wait Until You Spot Them [NonGmail],05.27.2026 - MF - Summer Pests_ Don't Wait Until You Spot Them [NonGmail],7/17/2026,5/27/2026,Summer Pests: Don't Wait Until You Spot Them [NonGmail]     ,60-Day Cancels
05.27.2026 - MF - Summer Pests: Don't Wait Until You Spot Them [Gmail],05.27.2026 - MF - Summer Pests_ Don't Wait Until You Spot Them [Gmail],7/17/2026,5/27/2026,Summer Pests: Don't Wait Until You Spot Them [Gmail]     ,60-Day Cancels
05.28.2026 - HO - Ants: Why They Keep Coming Back [TEST],-,,5/28/2026,Ants: Why They Keep Coming Back [TEST]       ,Test
05.22.2026 - ST - What does mouse poop look like? - NonHPP NonGmail,05.22.2026 - ST - What does mouse poop look like_ - NonHPP NonGmail,7/17/2026,5/22/2026,What does mouse poop look like? - NonHPP NonGmail     ,90-Day Engaged
05.22.2026 - ST - What does mouse poop look like? - NonHPP Gmail,05.22.2026 - ST - What does mouse poop look like_ - NonHPP Gmail,7/17/2026,5/22/2026,What does mouse poop look like? - NonHPP Gmail     ,90-Day Engaged
05.26.2026 - MF - Summer Pests: Don't Wait Until You Spot Them [TEST],-,,5/26/2026,Summer Pests: Don't Wait Until You Spot Them [TEST]     ,Test
05.19.2026 - HO - Those Are Not Flying Ants (Termite Focus)_NonGmail,05.19.2026 - HO - Those Are Not Flying Ants (Termite Focus)_NonGmail,7/17/2026,5/19/2026,Those Are Not Flying Ants (Termite Focus)_NonGmail       ,60-Day Engaged
05.19.2026 - HO - Those Are Not Flying Ants (Termite Focus)_Gmail,05.19.2026 - HO - Those Are Not Flying Ants (Termite Focus)_Gmail,7/17/2026,5/19/2026,Those Are Not Flying Ants (Termite Focus)_Gmail       ,60-Day Engaged
"05.12.2026 - MF - If You've Seen One, There Are Likely Millions More - NonGmail_2","05.12.2026 - MF - If You've Seen One, There Are Likely Millions More - NonGmail_2",7/17/2026,5/12/2026,"If You've Seen One, There Are Likely Millions More - NonGmail_2   ",HPP Customers
"05.12.2026 - MF - If You've Seen One, There Are Likely Millions More - Gmail_2","05.12.2026 - MF - If You've Seen One, There Are Likely Millions More - Gmail_2",7/17/2026,5/12/2026,"If You've Seen One, There Are Likely Millions More - Gmail_2   ",HPP Customers
"05.08.2026 - MF - If You've Seen One, There Are Likely Millions More - NonGmail_1","05.08.2026 - MF - If You've Seen One, There Are Likely Millions More - NonGmail_1",7/17/2026,5/8/2026,"If You've Seen One, There Are Likely Millions More - NonGmail_1   ",HPP Customers
"05.08.2026 - MF - If You've Seen One, There Are Likely Millions More - Gmail_1","05.08.2026 - MF - If You've Seen One, There Are Likely Millions More - Gmail_1",7/17/2026,5/8/2026,"If You've Seen One, There Are Likely Millions More - Gmail_1   ",HPP Customers
05.01.2026 - HO - Turn Your Backyard Into A Sanctuary - Resend - NonGmail Batch 2,05.01.2026 - HO - Turn Your Backyard Into A Sanctuary - Resend - NonGmail Batch 2,7/17/2026,5/1/2026,Turn Your Backyard Into A Sanctuary - Resend - NonGmail Batch 2  ,HPP Customers
05.01.2026 - HO - Turn Your Backyard Into A Sanctuary - Resend - NonGmail Batch 1,05.01.2026 - HO - Turn Your Backyard Into A Sanctuary - Resend - NonGmail Batch 1,7/17/2026,5/1/2026,Turn Your Backyard Into A Sanctuary - Resend - NonGmail Batch 1  ,HPP Customers
05.01.2026 - HO - Turn Your Backyard Into A Sanctuary - Resend - Gmail Batch 2,05.01.2026 - HO - Turn Your Backyard Into A Sanctuary - Resend - Gmail Batch 2,7/17/2026,5/1/2026,Turn Your Backyard Into A Sanctuary - Resend - Gmail Batch 2  ,HPP Customers
05.01.2026 - HO - Turn Your Backyard Into A Sanctuary - Resend - Gmail Batch 1,05.01.2026 - HO - Turn Your Backyard Into A Sanctuary - Resend - Gmail Batch 1,7/17/2026,5/1/2026,Turn Your Backyard Into A Sanctuary - Resend - Gmail Batch 1  ,HPP Customers
04.28.2026 - HO - How to spot rat poop_NonGmail,04.28.2026 - HO - How to spot rat poop_NonGmail,7/17/2026,4/28/2026,How to spot rat poop_NonGmail         ,30-Day Engaged
04.28.2026 - HO - How to spot rat poop_Gmail,04.28.2026 - HO - How to spot rat poop_Gmail,7/17/2026,4/28/2026,How to spot rat poop_Gmail         ,30-Day Engaged
04.22.2026 - Termite Swarming Season Is Here - Act Now_NonGmail,04.22.2026 - Termite Swarming Season Is Here - Act Now_NonGmail,7/17/2026,4/22/2026,Termite Season Is Here - Act Now_NonGmail        ,90-Day HPP Customers
04.22.2026 - Termite Swarming Season Is Here - Act Now_Gmail,04.22.2026 - Termite Swarming Season Is Here - Act Now_Gmail,7/17/2026,4/22/2026,Termite Season Is Here - Act Now_Gmail,90-Day HPP Customers
04.17.2026 - HO - Turn Your Backyard Into A Sanctuary - Warm up day 19_NonGmail,04.17.2026 - HO - Turn Your Backyard Into A Sanctuary - Warm up day 19_NonGmail,7/17/2026,4/17/2026,Turn Your Backyard Into A Sanctuary - Warm up day 19_NonGmail   ,HPP Customers
04.16.2026 - HO - Turn Your Backyard Into A Sanctuary - Warm up day 18_NonGmail,04.16.2026 - HO - Turn Your Backyard Into A Sanctuary - Warm up day 18_NonGmail,7/17/2026,4/16/2026,Turn Your Backyard Into A Sanctuary - Warm up day 18_NonGmail   ,HPP Customers
04.16.2026 - HO - Turn Your Backyard Into A Sanctuary - Warm up day 18_Gmail,04.16.2026 - HO - Turn Your Backyard Into A Sanctuary - Warm up day 18_Gmail,7/17/2026,4/16/2026,Turn Your Backyard Into A Sanctuary - Warm up day 18_Gmail   ,HPP Customers
04.15.2026 - HO - Turn Your Backyard Into A Sanctuary - Warm up day 17_NonGmail,04.15.2026 - HO - Turn Your Backyard Into A Sanctuary - Warm up day 17_NonGmail,7/17/2026,4/15/2026,Turn Your Backyard Into A Sanctuary - Warm up day 17_NonGmail   ,HPP Customers
04.15.2026 - HO - Turn Your Backyard Into A Sanctuary - Warm up day 17_Gmail,04.15.2026 - HO - Turn Your Backyard Into A Sanctuary - Warm up day 17_Gmail,7/17/2026,4/15/2026,Turn Your Backyard Into A Sanctuary - Warm up day 17_Gmail   ,HPP Customers
04.14.2026 - HO - Turn Your Backyard Into A Sanctuary - Warm up day 16_NonGmail,04.14.2026 - HO - Turn Your Backyard Into A Sanctuary - Warm up day 16_NonGmail,7/17/2026,4/14/2026,Turn Your Backyard Into A Sanctuary - Warm up day 16_NonGmail   ,HPP Customers
04.14.2026 - HO - Turn Your Backyard Into A Sanctuary - Warm up day 16_Gmail,04.14.2026 - HO - Turn Your Backyard Into A Sanctuary - Warm up day 16_Gmail,7/17/2026,4/14/2026,Turn Your Backyard Into A Sanctuary - Warm up day 16_Gmail   ,HPP Customers
04.13.2026 - HO - Turn Your Backyard Into A Sanctuary - Warm up day 15_NonGmail,04.13.2026 - HO - Turn Your Backyard Into A Sanctuary - Warm up day 15_NonGmail,7/17/2026,4/13/2026,Turn Your Backyard Into A Sanctuary - Warm up day 15_NonGmail   ,HPP Customers
04.13.2026 - HO - Turn Your Backyard Into A Sanctuary - Warm up day 15_Gmail,04.13.2026 - HO - Turn Your Backyard Into A Sanctuary - Warm up day 15_Gmail,7/17/2026,4/13/2026,Turn Your Backyard Into A Sanctuary - Warm up day 15_Gmail   ,HPP Customers
04.10.2026 - HO - Turn Your Backyard Into A Sanctuary - Warm up day 14_NonGmail,04.10.2026 - HO - Turn Your Backyard Into A Sanctuary - Warm up day 14_NonGmail,7/17/2026,4/10/2026,Turn Your Backyard Into A Sanctuary - Warm up day 14_NonGmail   ,HPP Customers
04.10.2026 - HO - Turn Your Backyard Into A Sanctuary - Warm up day 14_ Gmail,04.10.2026 - HO - Turn Your Backyard Into A Sanctuary - Warm up day 14_ Gmail,7/17/2026,4/10/2026,Turn Your Backyard Into A Sanctuary - Warm up day 14_ Gmail  ,HPP Customers
04.09.2026 - HO - Turn Your Backyard Into A Sanctuary - Warm up day 13_NonGmail,04.09.2026 - HO - Turn Your Backyard Into A Sanctuary - Warm up day 13_NonGmail,7/17/2026,4/9/2026,Turn Your Backyard Into A Sanctuary - Warm up day 13_NonGmail   ,HPP Customers
04.09.2026 - HO - Turn Your Backyard Into A Sanctuary - Warm up day 13_ Gmail,04.09.2026 - HO - Turn Your Backyard Into A Sanctuary - Warm up day 13_ Gmail,7/17/2026,4/9/2026,Turn Your Backyard Into A Sanctuary - Warm up day 13_ Gmail  ,HPP Customers
04.08.2026 - HO - Turn Your Backyard Into A Sanctuary - Warm up day 12_NonGmail,04.08.2026 - HO - Turn Your Backyard Into A Sanctuary - Warm up day 12_NonGmail,7/17/2026,4/8/2026,Turn Your Backyard Into A Sanctuary - Warm up day 12_NonGmail   ,HPP Customers
04.08.2026 - HO - Turn Your Backyard Into A Sanctuary - Warm up day 12_ Gmail,04.08.2026 - HO - Turn Your Backyard Into A Sanctuary - Warm up day 12_ Gmail,7/17/2026,4/8/2026,Turn Your Backyard Into A Sanctuary - Warm up day 12_ Gmail  ,HPP Customers
04.07.2026 - HO - Turn Your Backyard Into A Sanctuary - Warm up day 11_Gmail,04.07.2026 - HO - Turn Your Backyard Into A Sanctuary - Warm up day 11_Gmail,7/17/2026,4/7/2026,Turn Your Backyard Into A Sanctuary - Warm up day 11_Gmail   ,HPP Customers
04.07.2026 - HO - Turn Your Backyard Into A Sanctuary - Warm up day 11_NonGmail,04.07.2026 - HO - Turn Your Backyard Into A Sanctuary - Warm up day 11_NonGmail,7/17/2026,4/7/2026,Turn Your Backyard Into A Sanctuary - Warm up day 11_NonGmail   ,HPP Customers
04.03.2026 - HO - Turn Your Backyard Into A Sanctuary - Warm up day 10_NonGmail,04.03.2026 - HO - Turn Your Backyard Into A Sanctuary - Warm up day 10_NonGmail,7/17/2026,4/3/2026,Turn Your Backyard Into A Sanctuary - Warm up day 10_NonGmail   ,HPP Customers
04.03.2026 - HO - Turn Your Backyard Into A Sanctuary - Warm up day 10_Gmail,04.03.2026 - HO - Turn Your Backyard Into A Sanctuary - Warm up day 10_Gmail,7/17/2026,4/3/2026,Turn Your Backyard Into A Sanctuary - Warm up day 10_Gmail   ,HPP Customers
03.27.2026 - ST - What does squirrel poop look like? Warm up day 9_NonGmail,03.27.2026 - ST - What does squirrel poop look like_ Warm up day 9_NonGmail,7/17/2026,3/27/2026,What does squirrel poop look like? Warm up day 9_NonGmail    ,90-Day Engaged
03.27.2026 - ST - What does squirrel poop look like? Warm up day 9_Gmail,03.27.2026 - ST - What does squirrel poop look like_ Warm up day 9_Gmail,7/17/2026,3/27/2026,What does squirrel poop look like? Warm up day 9_Gmail    ,90-Day Engaged
03.23.2026 - ST - How to spot beg bug poop - Warm up Day 8,03.23.2026 - ST - How to spot beg bug poop - Warm up Day 8,7/17/2026,3/23/2026,How to spot beg bug poop - Warm up Day 8   ,60-Day HPP
03.20.2026 - ST - How to spot beg bug poop - Warm up Day 7,03.20.2026 - ST - How to spot beg bug poop - Warm up Day 7,7/17/2026,3/20/2026,How to spot beg bug poop - Warm up Day 7   ,60-Day HPP
03.19.2026 - ST - How to spot beg bug poop - Warm up Day 6,03.19.2026 - ST - How to spot beg bug poop - Warm up Day 6,7/17/2026,3/19/2026,How to spot beg bug poop - Warm up Day 6   ,60-Day HPP
03.18.2026 - Spring Pests - What to Expect - Warm up Day 5_ (Non_Gmail 3),03.18.2026 - Spring Pests - What to Expect - Warm up Day 5_ (Non_Gmail 3),7/17/2026,3/18/2026,- What to Expect - Warm up Day 5_ (Non_Gmail 3)   ,30-Day Engaged
03.17.2026 - Spring Pests - What to Expect - Warm up Day 4_ (Non_Gmail 2),03.17.2026 - Spring Pests - What to Expect - Warm up Day 4_ (Non_Gmail 2),7/17/2026,3/17/2026,- What to Expect - Warm up Day 4_ (Non_Gmail 2)   ,30-Day Engaged
03.17.2026 - Spring Pests - What to Expect - Warm up Day 4_ (Gmail),03.17.2026 - Spring Pests - What to Expect - Warm up Day 4_ (Gmail),7/17/2026,3/17/2026,- What to Expect - Warm up Day 4_ (Gmail)    ,30-Day Engaged
03.16.2026 - Spring Pests - What to Expect - Warm up Day 3_ (Non_Gmail 1),03.16.2026 - Spring Pests - What to Expect - Warm up Day 3_ (Non_Gmail 1),7/17/2026,3/16/2026,- What to Expect - Warm up Day 3_ (Non_Gmail 1)   ,30-Day Engaged
03.16.2026 - Spring Pests - What to Expect - Warm up Day 3_ (Gmail),03.16.2026 - Spring Pests - What to Expect - Warm up Day 3_ (Gmail),7/17/2026,3/16/2026,- What to Expect - Warm up Day 3_ (Gmail)    ,30-Day Engaged
03.13.2026 - Spring Pests - What to Expect - Warm up Day 2_ (Gmail),03.13.2026 - Spring Pests - What to Expect - Warm up Day 2_ (Gmail),7/17/2026,3/13/2026,- What to Expect - Warm up Day 2_ (Gmail)    ,30-Day Engaged
03.12.2026 - Spring Pests - What to Expect - Warm up Day 1 _ (Gmail),03.12.2026 - Spring Pests - What to Expect - Warm up Day 1 _ (Gmail),7/17/2026,3/12/2026,- What to Expect - Warm up Day 1 _ (Gmail)   ,30-Day Engaged
02.27.2026- CC Daanyaal ST - HO - Got Unwanted Customers?,(empty),7/17/2026,2/27/2026,- HO - Got Unwanted Customers? [TEST],Test
02.20.2026 - MF - Winback Campaign (Campaign 4) NG Batch #33,02.20.2026 - MF - Winback Campaign (Campaign 4) NG Batch #33,7/17/2026,2/20/2026,Winback Campaign (Campaign 4) NG Batch #33       ,60-Day Cancels
02.20.2026 - MF - Winback Campaign (Campaign 4) NG Batch #32,02.20.2026 - MF - Winback Campaign (Campaign 4) NG Batch #32,7/17/2026,2/20/2026,Winback Campaign (Campaign 4) NG Batch #32       ,60-Day Cancels
02.20.2026 - MF - Winback Campaign (Campaign 4) NG Batch #31,02.20.2026 - MF - Winback Campaign (Campaign 4) NG Batch #31,7/17/2026,2/20/2026,Winback Campaign (Campaign 4) NG Batch #31       ,60-Day Cancels
02.20.2026 - MF - Winback Campaign (Campaign 4) NG Batch #30,02.20.2026 - MF - Winback Campaign (Campaign 4) NG Batch #30,7/17/2026,2/20/2026,Winback Campaign (Campaign 4) NG Batch #30       ,60-Day Cancels
02.20.2026 - MF - Winback Campaign (Campaign 4) NG Batch #29,02.20.2026 - MF - Winback Campaign (Campaign 4) NG Batch #29,7/17/2026,2/20/2026,Winback Campaign (Campaign 4) NG Batch #29       ,60-Day Cancels
02.20.2026 - MF - Winback Campaign (Campaign 4) NG Batch #28,02.20.2026 - MF - Winback Campaign (Campaign 4) NG Batch #28,7/17/2026,2/20/2026,Winback Campaign (Campaign 4) NG Batch #28       ,60-Day Cancels
02.20.2026 - MF - Winback Campaign (Campaign 4) NG Batch #27,02.20.2026 - MF - Winback Campaign (Campaign 4) NG Batch #27,7/17/2026,2/20/2026,Winback Campaign (Campaign 4) NG Batch #27       ,60-Day Cancels
02.20.2026 - MF - Winback Campaign (Campaign 4) NG Batch #26,02.20.2026 - MF - Winback Campaign (Campaign 4) NG Batch #26,7/17/2026,2/20/2026,Winback Campaign (Campaign 4) NG Batch #26       ,60-Day Cancels
02.20.2026 - MF - Winback Campaign (Campaign 4) NG Batch #25,02.20.2026 - MF - Winback Campaign (Campaign 4) NG Batch #25,7/17/2026,2/20/2026,Winback Campaign (Campaign 4) NG Batch #25       ,60-Day Cancels
02.19.2026 - MF - Winback Campaign (Campaign 4) NG Batch #24,02.19.2026 - MF - Winback Campaign (Campaign 4) NG Batch #24,7/17/2026,2/19/2026,Winback Campaign (Campaign 4) NG Batch #24       ,60-Day Cancels
02.19.2026 - MF - Winback Campaign (Campaign 4) NG Batch #23,02.19.2026 - MF - Winback Campaign (Campaign 4) NG Batch #23,7/17/2026,2/19/2026,Winback Campaign (Campaign 4) NG Batch #23       ,60-Day Cancels
02.19.2026 - MF - Winback Campaign (Campaign 4) NG Batch #22,02.19.2026 - MF - Winback Campaign (Campaign 4) NG Batch #22,7/17/2026,2/19/2026,Winback Campaign (Campaign 4) NG Batch #22       ,60-Day Cancels
02.19.2026 - MF - Winback Campaign (Campaign 4) NG Batch #21,02.19.2026 - MF - Winback Campaign (Campaign 4) NG Batch #21,7/17/2026,2/19/2026,Winback Campaign (Campaign 4) NG Batch #21       ,60-Day Cancels
02.19.2026 - MF - Winback Campaign (Campaign 4) NG Batch #20,02.19.2026 - MF - Winback Campaign (Campaign 4) NG Batch #20,7/17/2026,2/19/2026,Winback Campaign (Campaign 4) NG Batch #20       ,60-Day Cancels
02.19.2026 - MF - Winback Campaign (Campaign 4) NG Batch #19,02.19.2026 - MF - Winback Campaign (Campaign 4) NG Batch #19,7/17/2026,2/19/2026,Winback Campaign (Campaign 4) NG Batch #19       ,60-Day Cancels
02.18.2026 - MF - Winback Campaign (Campaign 4) NG Batch #18,02.18.2026 - MF - Winback Campaign (Campaign 4) NG Batch #18,7/17/2026,2/18/2026,Winback Campaign (Campaign 4) NG Batch #18       ,60-Day Cancels
02.18.2026 - MF - Winback Campaign (Campaign 4) NG Batch #17,02.18.2026 - MF - Winback Campaign (Campaign 4) NG Batch #17,7/17/2026,2/18/2026,Winback Campaign (Campaign 4) NG Batch #17       ,60-Day Cancels
02.18.2026 - MF - Winback Campaign (Campaign 4) NG Batch #16,02.18.2026 - MF - Winback Campaign (Campaign 4) NG Batch #16,7/17/2026,2/18/2026,Winback Campaign (Campaign 4) NG Batch #16       ,60-Day Cancels
02.18.2026 - MF - Winback Campaign (Campaign 4) NG Batch #15,02.18.2026 - MF - Winback Campaign (Campaign 4) NG Batch #15,7/17/2026,2/18/2026,Winback Campaign (Campaign 4) NG Batch #15       ,60-Day Cancels
02.18.2026 - MF - Winback Campaign (Campaign 4) NG Batch #14,02.18.2026 - MF - Winback Campaign (Campaign 4) NG Batch #14,7/17/2026,2/18/2026,Winback Campaign (Campaign 4) NG Batch #14       ,60-Day Cancels
02.18.2026 - MF - Winback Campaign (Campaign 4) NG Batch #13,02.18.2026 - MF - Winback Campaign (Campaign 4) NG Batch #13,7/17/2026,2/18/2026,Winback Campaign (Campaign 4) NG Batch #13       ,60-Day Cancels
02.17.2026 - MF - Winback Campaign (Campaign 4) NG Batch #12,02.17.2026 - MF - Winback Campaign (Campaign 4) NG Batch #12,7/17/2026,2/17/2026,Winback Campaign (Campaign 4) NG Batch #12       ,60-Day Cancels
02.17.2026 - MF - Winback Campaign (Campaign 4) NG Batch #11,02.17.2026 - MF - Winback Campaign (Campaign 4) NG Batch #11,7/17/2026,2/17/2026,Winback Campaign (Campaign 4) NG Batch #11       ,60-Day Cancels
02.17.2026 - MF - Winback Campaign (Campaign 4) NG Batch #10,02.17.2026 - MF - Winback Campaign (Campaign 4) NG Batch #10,7/17/2026,2/17/2026,Winback Campaign (Campaign 4) NG Batch #10       ,60-Day Cancels
02.17.2026 - MF - Winback Campaign (Campaign 4) NG Batch #9,02.17.2026 - MF - Winback Campaign (Campaign 4) NG Batch #9,7/17/2026,2/17/2026,Winback Campaign (Campaign 4) NG Batch #9       ,60-Day Cancels
02.17.2026 - MF - Winback Campaign (Campaign 4) NG Batch #8,02.17.2026 - MF - Winback Campaign (Campaign 4) NG Batch #8,7/17/2026,2/17/2026,Winback Campaign (Campaign 4) NG Batch #8       ,60-Day Cancels
02.17.2026 - MF - Winback Campaign (Campaign 4) NG Batch #7,02.17.2026 - MF - Winback Campaign (Campaign 4) NG Batch #7,7/17/2026,2/17/2026,Winback Campaign (Campaign 4) NG Batch #7       ,60-Day Cancels
02.14.2026 - MF - CAMPAIGN 5 - Don't Let Pests Spoil Valentine's Day Batch #9,02.14.2026 - MF - CAMPAIGN 5 - Don't Let Pests Spoil Valentine's Day Batch #9,7/17/2026,2/14/2026,CAMPAIGN 5 - Don't Let Pests Spoil Valentine's Day Batch #9   ,60-Day Cancels
02.14.2026 - MF - CAMPAIGN 5 - Don't Let Pests Spoil Valentine's Day Batch #8,02.14.2026 - MF - CAMPAIGN 5 - Don't Let Pests Spoil Valentine's Day Batch #8,7/17/2026,2/14/2026,CAMPAIGN 5 - Don't Let Pests Spoil Valentine's Day Batch #8   ,60-Day Cancels
02.14.2026 - MF - CAMPAIGN 5 - Don't Let Pests Spoil Valentine's Day Batch #7,02.14.2026 - MF - CAMPAIGN 5 - Don't Let Pests Spoil Valentine's Day Batch #7,7/17/2026,2/14/2026,CAMPAIGN 5 - Don't Let Pests Spoil Valentine's Day Batch #7   ,60-Day Cancels
02.14.2026 - MF - CAMPAIGN 5 - Don't Let Pests Spoil Valentine's Day Batch #6,02.14.2026 - MF - CAMPAIGN 5 - Don't Let Pests Spoil Valentine's Day Batch #6,7/17/2026,2/14/2026,CAMPAIGN 5 - Don't Let Pests Spoil Valentine's Day Batch #6   ,60-Day Cancels
02.14.2026 - MF - CAMPAIGN 5 - Don't Let Pests Spoil Valentine's Day Batch #5,02.14.2026 - MF - CAMPAIGN 5 - Don't Let Pests Spoil Valentine's Day Batch #5,7/17/2026,2/14/2026,CAMPAIGN 5 - Don't Let Pests Spoil Valentine's Day Batch #5   ,60-Day Cancels
02.13.2026 - MF - CAMPAIGN 5 - Don't Let Pests Spoil Valentine's Day Batch #4,02.13.2026 - MF - CAMPAIGN 5 - Don't Let Pests Spoil Valentine's Day Batch #4,7/17/2026,2/13/2026,CAMPAIGN 5 - Don't Let Pests Spoil Valentine's Day Batch #4   ,60-Day Cancels
02.13.2026 - MF - CAMPAIGN 5 - Don't Let Pests Spoil Valentine's Day Batch #3,02.13.2026 - MF - CAMPAIGN 5 - Don't Let Pests Spoil Valentine's Day Batch #3,7/17/2026,2/13/2026,CAMPAIGN 5 - Don't Let Pests Spoil Valentine's Day Batch #3   ,60-Day Cancels
02.13.2026 - MF - CAMPAIGN 5 - Don't Let Pests Spoil Valentine's Day Batch #2,02.13.2026 - MF - CAMPAIGN 5 - Don't Let Pests Spoil Valentine's Day Batch #2,7/17/2026,2/13/2026,CAMPAIGN 5 - Don't Let Pests Spoil Valentine's Day Batch #2   ,60-Day Cancels
02.13.2026 - MF - CAMPAIGN 5 - Don't Let Pests Spoil Valentine's Day Batch #1,02.13.2026 - MF - CAMPAIGN 5 - Don't Let Pests Spoil Valentine's Day Batch #1,7/17/2026,2/13/2026,CAMPAIGN 5 - Don't Let Pests Spoil Valentine's Day Batch #1   ,60-Day Cancels
02.12.2026 - MF - Winback Campaign (Campaign 4) NG Batch #6,02.12.2026 - MF - Winback Campaign (Campaign 4) NG Batch #6,7/17/2026,2/12/2026,Winback Campaign (Campaign 4) NG Batch #6       ,60-Day Cancels
02.12.2026 - MF - Winback Campaign (Campaign 4) NG Batch #5,02.12.2026 - MF - Winback Campaign (Campaign 4) NG Batch #5,7/17/2026,2/12/2026,Winback Campaign (Campaign 4) NG Batch #5       ,60-Day Cancels
02.12.2026 - MF - Winback Campaign (Campaign 4) NG Batch #4,02.12.2026 - MF - Winback Campaign (Campaign 4) NG Batch #4,7/17/2026,2/12/2026,Winback Campaign (Campaign 4) NG Batch #4       ,60-Day Cancels
02.12.2026 - MF - Winback Campaign (Campaign 4) NG Batch #3,02.12.2026 - MF - Winback Campaign (Campaign 4) NG Batch #3,7/17/2026,2/12/2026,Winback Campaign (Campaign 4) NG Batch #3       ,60-Day Cancels
02.12.2026 - MF - Winback Campaign (Campaign 4) NG Batch #2,02.12.2026 - MF - Winback Campaign (Campaign 4) NG Batch #2,7/17/2026,2/12/2026,Winback Campaign (Campaign 4) NG Batch #2       ,60-Day Cancels
02.12.2026 - MF - Winback Campaign (Campaign 4) NG Batch #1,02.12.2026 - MF - Winback Campaign (Campaign 4) NG Batch #1,7/17/2026,2/12/2026,Winback Campaign (Campaign 4) NG Batch #1       ,60-Day Cancels
02.12.2026 - MF - Winback Campaign (Campaign 4) Batch #30,02.12.2026 - MF - Winback Campaign (Campaign 4) Batch #30,7/17/2026,2/12/2026,Winback Campaign (Campaign 4) Batch #30        ,60-Day Cancels
02.12.2026 - MF - Winback Campaign (Campaign 4) Batch #29,02.12.2026 - MF - Winback Campaign (Campaign 4) Batch #29,7/17/2026,2/12/2026,Winback Campaign (Campaign 4) Batch #29        ,60-Day Cancels
02.12.2026 - MF - Winback Campaign (Campaign 4) Batch #28,02.12.2026 - MF - Winback Campaign (Campaign 4) Batch #28,7/17/2026,2/12/2026,Winback Campaign (Campaign 4) Batch #28        ,60-Day Cancels
02.12.2026 - MF - Winback Campaign (Campaign 4) Batch #27,02.12.2026 - MF - Winback Campaign (Campaign 4) Batch #27,7/17/2026,2/12/2026,Winback Campaign (Campaign 4) Batch #27        ,60-Day Cancels
02.12.2026 - MF - Winback Campaign (Campaign 4) Batch #26,02.12.2026 - MF - Winback Campaign (Campaign 4) Batch #26,7/17/2026,2/12/2026,Winback Campaign (Campaign 4) Batch #26        ,60-Day Cancels
02.12.2026 - MF - Winback Campaign (Campaign 4) Batch #25,02.12.2026 - MF - Winback Campaign (Campaign 4) Batch #25,7/17/2026,2/12/2026,Winback Campaign (Campaign 4) Batch #25        ,60-Day Cancels
02.11.2026 - MF - Winback Campaign (Campaign 4) Batch #24,02.11.2026 - MF - Winback Campaign (Campaign 4) Batch #24,7/17/2026,2/11/2026,Winback Campaign (Campaign 4) Batch #24        ,60-Day Cancels
02.11.2026 - MF - Winback Campaign (Campaign 4) Batch #23,02.11.2026 - MF - Winback Campaign (Campaign 4) Batch #23,7/17/2026,2/11/2026,Winback Campaign (Campaign 4) Batch #23        ,60-Day Cancels
02.11.2026 - MF - Winback Campaign (Campaign 4) Batch #22,02.11.2026 - MF - Winback Campaign (Campaign 4) Batch #22,7/17/2026,2/11/2026,Winback Campaign (Campaign 4) Batch #22        ,60-Day Cancels
02.11.2026 - MF - Winback Campaign (Campaign 4) Batch #21,02.11.2026 - MF - Winback Campaign (Campaign 4) Batch #21,7/17/2026,2/11/2026,Winback Campaign (Campaign 4) Batch #21        ,60-Day Cancels
02.11.2026 - MF - Winback Campaign (Campaign 4) Batch #20,02.11.2026 - MF - Winback Campaign (Campaign 4) Batch #20,7/17/2026,2/11/2026,Winback Campaign (Campaign 4) Batch #20        ,60-Day Cancels
02.11.2026 - MF - Winback Campaign (Campaign 4) Batch #19,02.11.2026 - MF - Winback Campaign (Campaign 4) Batch #19,7/17/2026,2/11/2026,Winback Campaign (Campaign 4) Batch #19        ,60-Day Cancels
02.10.2026 - MF - Winback Campaign (Campaign 4) Batch #18,02.10.2026 - MF - Winback Campaign (Campaign 4) Batch #18,7/17/2026,2/10/2026,Winback Campaign (Campaign 4) Batch #18        ,60-Day Cancels
02.10.2026 - MF - Winback Campaign (Campaign 4) Batch #17,02.10.2026 - MF - Winback Campaign (Campaign 4) Batch #17,7/17/2026,2/10/2026,Winback Campaign (Campaign 4) Batch #17        ,60-Day Cancels
02.10.2026 - MF - Winback Campaign (Campaign 4) Batch #16,02.10.2026 - MF - Winback Campaign (Campaign 4) Batch #16,7/17/2026,2/10/2026,Winback Campaign (Campaign 4) Batch #16        ,60-Day Cancels
02.10.2026 - MF - Winback Campaign (Campaign 4) Batch #15,02.10.2026 - MF - Winback Campaign (Campaign 4) Batch #15,7/17/2026,2/10/2026,Winback Campaign (Campaign 4) Batch #15        ,60-Day Cancels
02.10.2026 - MF - Winback Campaign (Campaign 4) Batch #14,02.10.2026 - MF - Winback Campaign (Campaign 4) Batch #14,7/17/2026,2/10/2026,Winback Campaign (Campaign 4) Batch #14        ,60-Day Cancels
02.10.2026 - MF - Winback Campaign (Campaign 4) Batch #13,02.10.2026 - MF - Winback Campaign (Campaign 4) Batch #13,7/17/2026,2/10/2026,Winback Campaign (Campaign 4) Batch #13        ,60-Day Cancels
02.09.2026 - MF - Winback Campaign (Campaign 4) Batch #12,02.09.2026 - MF - Winback Campaign (Campaign 4) Batch #12,7/17/2026,2/9/2026,Winback Campaign (Campaign 4) Batch #12        ,60-Day Cancels
02.09.2026 - MF - Winback Campaign (Campaign 4) Batch #11,02.09.2026 - MF - Winback Campaign (Campaign 4) Batch #11,7/17/2026,2/9/2026,Winback Campaign (Campaign 4) Batch #11        ,60-Day Cancels
02.09.2026 - MF - Winback Campaign (Campaign 4) Batch #10,02.09.2026 - MF - Winback Campaign (Campaign 4) Batch #10,7/17/2026,2/9/2026,Winback Campaign (Campaign 4) Batch #10        ,60-Day Cancels
02.09.2026 - MF - Winback Campaign (Campaign 4) Batch #9,02.09.2026 - MF - Winback Campaign (Campaign 4) Batch #9,7/17/2026,2/9/2026,Winback Campaign (Campaign 4) Batch #9        ,60-Day Cancels
02.09.2026 - MF - Winback Campaign (Campaign 4) Batch #8,02.09.2026 - MF - Winback Campaign (Campaign 4) Batch #8,7/17/2026,2/9/2026,Winback Campaign (Campaign 4) Batch #8        ,60-Day Cancels
02.09.2026 - MF - Winback Campaign (Campaign 4) Batch #7,02.09.2026 - MF - Winback Campaign (Campaign 4) Batch #7,7/17/2026,2/9/2026,Winback Campaign (Campaign 4) Batch #7        ,60-Day Cancels
02.03.2026 - MF - Winback Campaign (Campaign 4) Batch #6,02.03.2026 - MF - Winback Campaign (Campaign 4) Batch #6,7/17/2026,2/3/2026,Winback Campaign (Campaign 4) Batch #6        ,60-Day Cancels
02.03.2026 - MF - Winback Campaign (Campaign 4) Batch #5,02.03.2026 - MF - Winback Campaign (Campaign 4) Batch #5,7/17/2026,2/3/2026,Winback Campaign (Campaign 4) Batch #5        ,60-Day Cancels
02.03.2026 - MF - Winback Campaign (Campaign 4) Batch #4,02.03.2026 - MF - Winback Campaign (Campaign 4) Batch #4,7/17/2026,2/3/2026,Winback Campaign (Campaign 4) Batch #4        ,60-Day Cancels
02.03.2026 - MF - Winback Campaign (Campaign 4) Batch #3,02.03.2026 - MF - Winback Campaign (Campaign 4) Batch #3,7/17/2026,2/3/2026,Winback Campaign (Campaign 4) Batch #3        ,60-Day Cancels
02.03.2026 - MF - Winback Campaign (Campaign 4) Batch #2,02.03.2026 - MF - Winback Campaign (Campaign 4) Batch #2,7/17/2026,2/3/2026,Winback Campaign (Campaign 4) Batch #2        ,60-Day Cancels
02.03.2026 - MF - Winback Campaign (Campaign 4) Batch #1,02.03.2026 - MF - Winback Campaign (Campaign 4) Batch #1,7/17/2026,2/3/2026,Winback Campaign (Campaign 4) Batch #1        ,60-Day Cancels
01.28.2026 - HO - Cross Sell: Termites Turning Your Home Into A Snack? (Campaign 3) Batch #7,01.28.2026 - HO - Cross Sell_ Termites Turning Your Home Into A Snack_ (Campaign 3) Batch #7,7/17/2026,1/28/2026,Cross Sell: Termites Turning Your Home Into A Snack? (Campaign 3) Batch #7 ,HPP & YEP Customers
01.28.2026 - HO - Cross Sell: Termites Turning Your Home Into A Snack? (Campaign 3) Batch #6,01.28.2026 - HO - Cross Sell_ Termites Turning Your Home Into A Snack_ (Campaign 3) Batch #6,7/17/2026,1/28/2026,Cross Sell: Termites Turning Your Home Into A Snack? (Campaign 3) Batch #6 ,HPP & YEP Customers
01.28.2026 - HO - Cross Sell: Termites Turning Your Home Into A Snack? (Campaign 3) Batch #5,01.28.2026 - HO - Cross Sell_ Termites Turning Your Home Into A Snack_ (Campaign 3) Batch #5,7/17/2026,1/28/2026,Cross Sell: Termites Turning Your Home Into A Snack? (Campaign 3) Batch #5 ,HPP & YEP Customers
01.28.2026 - HO - Cross Sell: Termites Turning Your Home Into A Snack? (Campaign 3) Batch #4,01.28.2026 - HO - Cross Sell_ Termites Turning Your Home Into A Snack_ (Campaign 3) Batch #4,7/17/2026,1/28/2026,Cross Sell: Termites Turning Your Home Into A Snack? (Campaign 3) Batch #4 ,HPP & YEP Customers
01.27.2026 - HO - Cross Sell: Termites Turning Your Home Into A Snack? (Campaign 3) Batch #3,01.27.2026 - HO - Cross Sell_ Termites Turning Your Home Into A Snack_ (Campaign 3) Batch #3,7/17/2026,1/27/2026,Cross Sell: Termites Turning Your Home Into A Snack? (Campaign 3) Batch #3 ,HPP & YEP Customers
01.27.2026 - HO - Cross Sell: Termites Turning Your Home Into A Snack? (Campaign 3) Batch #2,01.27.2026 - HO - Cross Sell_ Termites Turning Your Home Into A Snack_ (Campaign 3) Batch #2,7/17/2026,1/27/2026,Cross Sell: Termites Turning Your Home Into A Snack? (Campaign 3) Batch #2 ,HPP & YEP Customers
01.27.2026 - HO - Cross Sell: Termites Turning Your Home Into A Snack? (Campaign 3) Batch #1,01.27.2026 - HO - Cross Sell_ Termites Turning Your Home Into A Snack_ (Campaign 3) Batch #1,7/17/2026,1/27/2026,Cross Sell: Termites Turning Your Home Into A Snack? (Campaign 3) Batch #1 ,HPP & YEP Customers
,,,,,
,,,,,
,,,,,
,,,,,
,,,,,
,,,,,
,,,,,
,,,,,
,,,,,
,,,,,
,,,,,
,,,,,
,,,,,
,,,,,
,,,,,
,,,,,
,,,,,
,,,,,
,,,,,
,,,,,
,,,,,
,,,,,
,,,,,
,,,,,
,,,,,
,,,,,
,,,,,
,,,,,
,,,,,
,,,,,
,,,,,
,,,,,
,,,,,
,,,,,
,,,,,
,,,,,
,,,,,
,,,,,
,,,,,
,,,,,
,,,,,
,,,,,
,,,,,
,,,,,
,,,,,
,,,,,
,,,,,
,,,,,
,,,,,
,,,,,
,,,,,
